<?xml version="1.0" encoding="utf-8"?>
<!--
  ~ @package   akeebabackup
  ~ @copyright Copyright (c)2006-2021 Nicholas K. Dionysopoulos / Akeeba Ltd
  ~ @license   GNU General Public License version 3, or later
  -->

<extension version="3.9.0" type="file" method="upgrade">
    <name>file_akeeba</name>
    <author>Nicholas K. Dionysopoulos</author>
    <authorEmail>nicholas@akeeba.com</authorEmail>
    <authorUrl>https://www.akeeba.com</authorUrl>
    <copyright>Copyright (c)2006-2019 Akeeba Ltd / Nicholas K. Dionysopoulos</copyright>
    <license>GNU GPL v3 or later</license>
    <version>8.0.2</version>
    <creationDate>2021-03-03</creationDate>
    <description>Akeeba Backup CLI scripts v.rev4722833F</description>

    <fileset>
        <files target="cli">
            <file>akeeba-altbackup.php</file>
            <file>akeeba-altcheck-failed.php</file>
            <file>akeeba-backup.php</file>
            <file>akeeba-check-failed.php</file>
        </files>
    </fileset>
</extension>